<?xml version="1.0" encoding="UTF-8"?>
<plugin_manifest xmlns="http://www.elgg.org/plugin_manifest/1.8">
	<name>Aalborg Theme</name>
	<id>aalborg_theme</id>
	<author>Per Jensen - Elggzone</author>
	<version>1.9</version>
	<category>bundled</category>
	<category>template</category>
	<description>Responsive Elgg theme</description>
	<website>http://www.perjensen-online.dk</website>
	<copyright>See COPYRIGHT.txt</copyright>
	<license>GNU General Public License version 2</license>
	<requires>
		<type>elgg_release</type>
		<version>1.9</version>
	</requires>
	<requires>
		<type>priority</type>
		<priority>after</priority>
		<plugin>search</plugin>
	</requires>
	<requires>
		<type>priority</type>
		<priority>after</priority>
		<plugin>profile</plugin>
	</requires>
	<activate_on_install>false</activate_on_install>
</plugin_manifest>