<?xml version="1.0" encoding="UTF-8"?>
<plugin_manifest xmlns="http://www.elgg.org/plugin_manifest/1.8">
        <name>German Language Pack</name>
        <author>iionly</author>
        <version>r19</version>
        <category>communication</category>
        <description>This plugin provides the German translations for the language files of Elgg including bundled plugins.</description>
        <website>https://github.com/iionly</website>
        <copyright>(C) iionly 2012-2014</copyright>
        <license>GNU Public License version 2</license>
        <requires>
                <type>elgg_release</type>
                <version>1.8.19</version>
        </requires>
</plugin_manifest>
