﻿"'Loco csv export: Comma separated values"
"'Project: Samples"
"'Release: Working copy"
"'Locales: en_GB, fr_FR, it_IT, de_DE, es_ES, sv_SE, no_NO, fi_FI, da_DK"
"'Exported by: Tim Whitlock"
"'Exported at: Sat, 15 Mar 2014 14:39:55 +0000"
"Asset ID","English (UK), en_GB","French, fr_FR","Italian, it_IT","German, de_DE","Spanish, es_ES","Swedish, sv_SE","Norwegian, no_NO","Finnish, fi_FI","Danish, da_DK"
"goodbye","Goodbye","Au revoir","Arrivederci","Auf Wiedersehen","Adiós","Adjö","Farvel","Näkemiin","Farvel"
"hello-world","Hello World","Bonjour tout le monde","Ciao a tutti","Hallo Welt","Hola mundo","Hallå Världen","Hallo Verden","Hei Maailma","Hej Verden"
